Date,Open,High,Low,Close,Volume,Dividend,Split,Adj_Open,Adj_High,Adj_Low,Adj_Close,Adj_Volume
2016-06-06,98.96,99.12,98.465,98.78,4985735.0,0.0,1.0,96.0111783292105,96.16641063047034,95.53092839718788,95.83654199029318,4985735.0
2016-06-07,99.0,99.04,98.32,98.35,5608418.0,0.0,1.0,96.04998640452546,96.08879447984043,95.39024912417113,95.41935518065736,5608418.0
2016-06-08,98.49,98.8202,97.7,98.04,5466157.0,0.0,1.0,95.55518344425973,95.87554410598472,94.78872395678927,95.11859259696644,5466157.0
2016-06-09,97.82,97.926,97.1,97.84,5379153.0,0.0,1.0,94.90514818273414,95.0079895823188,94.20660282706487,94.92455222039163,5379153.0
2016-06-10,97.15,97.71,96.78,97.34,7204388.0,0.0,1.0,94.25511292120858,94.798425975618,93.8961382245452,94.43945127895464,7204388.0
2016-06-13,96.75,98.98,96.7,97.57,8766186.0,0.0,1.0,93.86703216805897,96.03058236686799,93.81852207391528,94.66259771201564,8766186.0
2016-06-14,97.2,98.55,97.175,98.4,6125297.0,0.0,1.0,94.30362301535227,95.61339555723217,94.27936796828043,95.46786527480107,6125297.0
2016-06-15,98.19,99.0,98.19,98.27,6662123.0,0.0,1.0,95.26412287939752,96.04998640452546,95.26412287939752,95.34173903002744,6662123.0
2016-06-16,97.8,98.63,96.86,98.38,7129263.0,0.0,1.0,94.88574414507667,95.69101170786207,93.97375437517512,95.44846123714358,7129263.0
2016-06-17,98.41,99.1401,98.27,99.0,8959401.0,0.0,1.0,95.4775672936298,96.18591168831611,95.34173903002744,96.04998640452546,8959401.0
2016-06-20,100.08,100.96,99.5,99.57,8268636.0,0.0,1.0,97.09780443802937,97.95158209495848,96.53508734596245,96.60300147776363,8268636.0
2016-06-21,99.73,99.79,98.77,98.82,5201712.0,0.0,1.0,96.75823377902348,96.81644589199593,95.82683997146444,95.87535006560813,5201712.0
2016-06-22,99.08,99.62,98.7,98.79,4947349.0,0.0,1.0,96.12760255515538,96.65151157190735,95.75892583966326,95.84624400912193,4947349.0
2016-06-23,99.44,99.62,98.61,99.02,5825280.0,0.0,1.0,96.47687523299001,96.65151157190735,95.67160767020461,96.06939044218294,5825280.0
2016-06-24,96.01,97.28,95.14,95.72,15062765.0,0.0,1.0,93.14908277473222,94.3812391659822,92.30500713663184,92.86772422869876,15062765.0
2016-06-27,94.91,95.23,94.0,94.38,9485245.0,0.0,1.0,92.08186070357083,92.39232530609051,91.19897699015549,91.5676537056476,9485245.0
2016-06-28,95.46,96.28,95.14,96.05,7141694.0,0.0,1.0,92.61547173915152,93.4110372831082,92.30500713663184,93.18789085004717,7141694.0
2016-06-29,96.91,97.29,96.28,96.98,6563579.0,0.0,1.0,94.02226446931881,94.39094118481094,93.4110372831082,94.09017860112,6563579.0
2016-06-30,97.1,98.07,96.88,97.82,7189489.0,0.0,1.0,94.20660282706487,95.14769865345264,93.99315841283259,94.90514818273414,7189489.0
2016-07-01,97.75,98.64,97.71,98.03,5681452.0,0.0,1.0,94.83723405093296,95.70071372669082,94.798425975618,95.10889057813769,5681452.0
2016-07-05,97.77,98.0,97.165,97.66,5846196.0,0.0,1.0,94.85663808859044,95.07978452165146,94.26966594945169,94.74991588147431,5846196.0
2016-07-06,97.0,98.52,96.76,98.45,6222792.0,0.0,1.0,94.10958263877747,95.58428950074594,93.87673418688772,95.51637536894476,6222792.0
2016-07-07,97.63,98.48,97.58,98.41,5146032.0,0.71,1.0,95.40419337316145,96.23481474330575,95.35533329256474,96.16641063047034,5146032.0
2016-07-08,99.25,99.85,98.77,99.62,6045805.0,0.0,1.0,96.98725998449528,97.57358095165596,96.51820321076674,97.34882458091104,6045805.0
2016-07-11,99.8,100.35,99.4,99.98,5427829.0,0.0,1.0,97.52472087105923,98.0621817576232,97.13384022628546,97.70061716120745,5427829.0
2016-07-12,100.175,100.79,100.0,100.2,8507935.0,0.0,1.0,97.89117147553466,98.49215046687436,97.72016119344613,97.91560151583303,8507935.0
2016-07-13,100.46,100.8,99.85,99.88,5489574.0,0.0,1.0,98.16967393493597,98.50192248299369,97.57358095165596,97.602897000014,5489574.0
2016-07-14,100.42,100.8,99.68,99.97,7459838.0,0.0,1.0,98.1305858704586,98.50192248299369,97.40745667762711,97.69084514508809,7459838.0
2016-07-15,100.42,100.54,99.54,99.8,5763595.0,0.0,1.0,98.1305858704586,98.24785006389075,97.27064845195629,97.52472087105923,5763595.0
2016-07-18,99.9,100.709,99.87,100.15,5050907.0,0.0,1.0,97.6224410322527,98.41299713630767,97.59312498389465,97.8667414352363,5050907.0
2016-07-19,99.81,99.99,99.361,99.47,5737015.0,0.0,1.0,97.53449288717859,97.71038917732677,97.09572936342002,97.20224433912087,5737015.0
2016-07-20,98.65,98.69,97.14,98.22,10633122.0,0.0,1.0,96.40093901733461,96.44002708181199,94.92536458331357,95.9807423242028,10633122.0
2016-07-21,98.17,99.125,97.62,98.01,7069552.0,0.0,1.0,95.93188224360607,96.86510978300348,95.39442135704212,95.77552998569656,7069552.0
2016-07-22,98.39,98.42,97.47,97.71,5381662.0,0.0,1.0,96.14686659823165,96.17618264658968,95.24784111525194,95.48236950211621,5381662.0
2016-07-25,97.9,98.06,97.2535,97.39,4825496.0,0.0,1.0,95.66803780838377,95.82439006629328,95.03627696626813,95.16966498629719,4825496.0
2016-07-26,97.02,97.16,96.34,96.69,6274581.0,0.0,1.0,94.80810038988143,94.94490861555225,94.143603293766,94.48562385794307,6274581.0
2016-07-27,96.7,96.93,95.86,96.33,6907268.0,0.0,1.0,94.49539587406241,94.72015224480734,93.67454652003747,94.13383127764665,6907268.0
2016-07-28,96.4,96.49,95.82,95.91,7713512.0,0.0,1.0,94.20223539048207,94.29018353555617,93.63545845556007,93.72340660063418,7713512.0
2016-07-29,95.85,96.38,95.85,95.95,8263651.0,0.0,1.0,93.66477450391811,94.18269135824337,93.66477450391811,93.76249466511156,8263651.0
2016-08-01,96.15,96.2,95.08,95.54,7131587.0,0.0,1.0,93.95793498749846,94.00679506809519,92.91232926272858,93.36184200421845,7131587.0
2016-08-02,95.35,95.75,94.56,95.01,7644091.0,0.0,1.0,93.17617369795089,93.56705434272467,92.40418442452267,92.84392514989318,7644091.0
2016-08-03,95.06,96.425,95.0,96.09,9065763.0,0.0,1.0,92.89278523048989,94.22666543078043,92.83415313377382,93.8993028907824,9065763.0
2016-08-04,95.53,95.98,94.71,95.16,10036881.0,0.0,1.0,93.35206998809909,93.7918107134696,92.55076466631283,92.99050539168333,10036881.0
2016-08-05,95.4,96.0,95.35,95.83,6528537.0,0.0,1.0,93.22503377854761,93.81135474570829,93.17617369795089,93.64523047167943,6528537.0
2016-08-08,96.11,96.29,95.58,95.75,7782135.0,0.0,1.0,93.91884692302108,94.09474321316928,93.40093006869581,93.56705434272467,7782135.0
2016-08-09,95.61,96.85,95.3,96.67,15548695.0,0.0,1.0,93.43024611705384,94.64197611585257,93.12731361735416,94.46607982570438,15548695.0
2016-08-10,96.7,99.27,95.85,97.86,27181275.0,0.0,1.0,94.49539587406241,97.00680401673397,93.66477450391811,95.62894974390639,27181275.0
2016-08-11,98.2,98.39,97.15,97.77,9233890.0,0.0,1.0,95.96119829196411,96.14686659823165,94.93513659943292,95.54100159883228,9233890.0
2016-08-12,97.82,97.82,96.66,96.84,9356523.0,0.0,1.0,95.58986167942899,95.58986167942899,94.45630780958503,94.63220409973324,9356523.0
2016-08-15,97.35,97.61,96.92,97.1,5299588.0,0.0,1.0,95.13057692181981,95.38464934092276,94.710380228688,94.88627651883618,5299588.0
2016-08-16,96.86,97.25,96.2681,96.88,5777756.0,0.0,1.0,94.65174813197193,95.03285676062636,94.07334249786791,94.67129216421061,5777756.0
2016-08-17,96.84,96.97,96.52,96.87,5697173.0,0.0,1.0,94.63220409973324,94.7592403092847,94.31949958391421,94.66152014809127,5697173.0
2016-08-18,96.87,97.12,96.55,96.65,5250741.0,0.0,1.0,94.66152014809127,94.90582055107488,94.34881563227223,94.44653579346569,5250741.0
2016-08-19,96.4,96.79,96.05,96.39,6362284.0,0.0,1.0,94.20223539048207,94.58334401913652,93.86021482630501,94.19246337436273,6362284.0
2016-08-22,96.47,96.47,95.65,95.87,5495336.0,0.0,1.0,94.27063950331748,94.27063950331748,93.46933418153122,93.68431853615681,5495336.0
2016-08-23,96.13,96.425,95.8,95.97,4996251.0,0.0,1.0,93.93839095525976,94.22666543078043,93.61591442332139,93.78203869735025,4996251.0
2016-08-24,96.01,96.22,95.51,95.82,5912459.0,0.0,1.0,93.82112676182764,94.02633910033387,93.3325259558604,93.63545845556007,5912459.0
2016-08-25,95.62,95.82,95.41,95.55,4518655.0,0.0,1.0,93.4400181331732,93.63545845556007,93.23480579466695,93.37161402033777,4518655.0
2016-08-26,95.66,96.13,94.75,95.21,6019553.0,0.0,1.0,93.47910619765057,93.93839095525976,92.58985273079021,93.03936547228005,6019553.0
2016-08-29,95.07,95.32,94.46,94.87,7902666.0,0.0,1.0,92.90255724660923,93.14685764959285,92.3064642633292,92.70711692422235,7902666.0
2016-08-30,94.77,95.29,94.77,94.86,6845002.0,0.0,1.0,92.6093967630289,93.11754160123482,92.6093967630289,92.697344908103,6845002.0
2016-08-31,94.69,94.9,94.16,94.46,7375228.0,0.0,1.0,92.53122063407415,92.73643297258039,92.01330377974887,92.3064642633292,7375228.0
2016-09-01,94.73,94.87,93.91,94.26,6274204.0,0.0,1.0,92.57030869855153,92.70711692422235,91.76900337676526,92.11102394094233,6274204.0
2016-09-02,94.75,94.96,94.13,94.42,5381671.0,0.0,1.0,92.58985273079021,92.79506506929644,91.98398773139084,92.26737619885184,5381671.0
2016-09-06,94.53,94.53,93.35,93.8,8435043.0,0.0,1.0,92.37486837616463,92.37486837616463,91.22177047408196,91.66151119945246,8435043.0
2016-09-07,93.98,94.03,93.33,93.71,6280746.0,0.0,1.0,91.83740748960068,91.8862675701974,91.20222644184327,91.57356305437837,6280746.0
2016-09-08,93.49,94.21,92.925,94.09,7438081.0,0.0,1.0,91.35857869975278,92.06216386034559,90.80645978900982,91.94489966691347,7438081.0
2016-09-09,93.51,93.74,92.39,92.42,10248373.0,0.0,1.0,91.37812273199148,91.6028791027364,90.28365692662489,90.31297297498291,10248373.0
2016-09-12,91.96,93.86,91.95,93.64,9367303.0,0.0,1.0,89.86346023349306,91.72014329616854,89.85368821737372,91.50515894154296,9367303.0
2016-09-13,93.04,93.295,92.45,92.7,7795172.0,0.0,1.0,90.91883797438228,91.16802438542557,90.34228902334095,90.58658942632457,7795172.0
2016-09-14,92.59,92.8868,92.07,92.26,6385472.0,0.0,1.0,90.47909724901177,90.76913068743391,89.97095241080585,90.15662071707341,6385472.0
2016-09-15,92.12,92.75,91.19,92.5,7566351.0,0.0,1.0,90.01981249140258,90.63544950692129,89.11101499230352,90.39114910393766,7566351.0
2016-09-16,92.27,92.74,91.8,92.56,10568535.0,0.0,1.0,90.16639273319274,90.62567749080193,89.70710797558354,90.44978120065375,10568535.0
2016-09-19,92.8,93.3165,92.34,92.63,5421467.0,0.0,1.0,90.684309587518,91.18903422008216,90.23479684602816,90.51818531348914,5421467.0
2016-09-20,92.7,93.3,92.68,92.95,6199463.0,0.0,1.0,90.58658942632457,91.17291039348524,90.56704539408588,90.83088982930818,6199463.0
2016-09-21,93.0,93.08,91.7,92.39,12049468.0,0.0,1.0,90.8797499099049,90.95792603885965,89.6093878143901,90.28365692662489,12049468.0
2016-09-22,92.73,93.71,92.64,93.41,6470442.0,0.0,1.0,90.6159054746826,91.57356305437837,90.5279573296085,91.28040257079803,6470442.0
2016-09-23,93.07,93.52,93.0,93.27,4407675.0,0.0,1.0,90.94815402274031,91.38789474811082,90.8797499099049,91.1435943451272,4407675.0
2016-09-26,92.47,92.68,91.4,91.96,10445975.0,0.0,1.0,90.36183305557964,90.56704539408588,89.31622733080977,89.86346023349306,10445975.0
2016-09-27,91.93,92.18,91.5,91.72,9167391.0,0.0,1.0,89.83414418513503,90.07844458811866,89.41394749200322,89.62893184662879,9167391.0
2016-09-28,91.75,92.3,91.48,92.2,8272345.0,0.0,1.0,89.65824789498683,90.19570878155078,89.39440345976452,90.09798862035734,8272345.0
2016-09-29,92.14,93.1,91.53,91.8,7476594.0,0.0,1.0,90.03935652364126,90.97747007109834,89.44326354036124,89.70710797558354,7476594.0
2016-09-30,92.28,93.4932,92.21,92.86,8908409.0,0.0,1.0,90.1761647493121,91.36170574491098,90.10776063647667,90.74294168423408,8908409.0
2016-10-03,92.47,92.72,92.05,92.49,5832935.0,0.0,1.0,90.36183305557964,90.60613345856325,89.95140837856717,90.38137708781832,5832935.0
2016-10-04,92.45,92.99,92.11,92.59,5903392.0,0.0,1.0,90.34228902334095,90.86997789378555,90.01004047528323,90.47909724901177,5903392.0
2016-10-05,92.94,93.28,92.38,92.45,5365007.0,0.0,1.0,90.82111781318883,91.15336636124655,90.27388491050553,90.34228902334095,5365007.0
2016-10-06,92.75,93.58,92.39,92.83,7483841.0,0.0,1.0,90.63544950692129,91.44652684482689,90.28365692662489,90.71362563587604,7483841.0
2016-10-07,93.06,93.29,92.02,92.49,6143309.0,0.0,1.0,90.93838200662097,91.1631383773659,89.92209233020913,90.38137708781832,6143309.0
2016-10-10,92.7,93.21,92.4,92.49,4241028.0,0.0,1.0,90.58658942632457,91.08496224841113,90.29342894274423,90.38137708781832,4241028.0
2016-10-11,92.33,92.38,91.57,91.86,6650588.0,0.0,1.0,90.2250248299088,90.27388491050553,89.48235160483861,89.76574007229962,6650588.0
2016-10-12,91.88,92.08,91.39,91.41,6835069.0,0.0,1.0,89.7852841045383,89.98072442692519,89.30645531469042,89.32599934692911,6835069.0
2016-10-13,90.95,91.36,90.315,91.12,5725154.0,0.0,1.0,88.87648660543925,89.27713926633238,88.25596358186087,89.04261087946811,5725154.0
2016-10-14,91.77,91.77,91.29,91.3,4345622.0,0.0,1.0,89.67779192722551,89.67779192722551,89.20873515349697,89.21850716961632,4345622.0
2016-10-17,91.35,91.47,90.56,90.83,5134605.0,0.0,1.0,89.26736725021304,89.38463144364518,88.49537797678482,88.75922241200712,5134605.0
2016-10-18,91.4,91.74,90.98,91.17,4890775.0,0.0,1.0,89.31622733080977,89.64847587886747,88.9058026537973,89.09147096006484,4890775.0
2016-10-19,91.27,92.14,91.0,91.93,6140496.0,0.0,1.0,89.18919112125828,90.03935652364126,88.92534668603598,89.83414418513503,6140496.0
2016-10-20,91.66,92.32,91.44,92.03,6153205.0,0.0,1.0,89.57029974991272,90.21525281378946,89.35531539528714,89.93186434632848,6153205.0
2016-10-21,91.33,94.19,90.599,93.03,13812328.0,0.0,1.0,89.24782321797434,92.04261982810691,88.53348883965026,90.90906595826294,13812328.0
2016-10-24,93.49,94.15,92.8,93.37,7280974.0,0.0,1.0,91.35857869975278,92.00353176362954,90.684309587518,91.24131450632066,7280974.0
2016-10-25,93.14,93.36,92.64,92.75,6378954.0,0.0,1.0,91.01655813557572,91.2315424902013,90.5279573296085,90.63544950692129,6378954.0
2016-10-26,92.39,93.72,91.9,93.49,7152828.0,0.0,1.0,90.28365692662489,91.58333507049771,89.804828136777,91.35857869975278,7152828.0
2016-10-27,93.8,94.3425,93.31,94.02,6646969.0,0.0,1.0,91.66151119945246,92.19164307392691,91.18268240960458,91.87649555407805,6646969.0
2016-10-28,93.89,94.4,93.53,93.85,7308553.0,0.0,1.0,91.74945934452657,92.24783216661315,91.39766676423017,91.71037128004919,7308553.0
2016-10-31,93.72,93.82,92.31,92.69,9957559.0,0.0,1.0,91.58333507049771,91.68105523169115,90.20548079767012,90.57681741020522,9957559.0
2016-11-01,92.78,92.99,91.66,92.39,6449806.0,0.0,1.0,90.66476555527932,90.86997789378555,89.57029974991272,90.28365692662489,6449806.0
2016-11-02,91.91,92.56,91.69,91.91,6715911.0,0.0,1.0,89.81460015289633,90.44978120065375,89.59961579827076,89.81460015289633,6715911.0
2016-11-03,92.26,94.13,92.24,93.37,7750800.0,0.0,1.0,90.15662071707341,91.98398773139084,90.13707668483471,91.24131450632066,7750800.0
2016-11-04,93.5,93.79,92.36,92.45,7455920.0,0.0,1.0,91.36835071587214,91.65173918333313,90.25434087826685,90.34228902334095,7455920.0
2016-11-07,93.77,94.48,92.9475,94.43,6996093.0,0.0,1.0,91.63219515109444,92.3260082955679,90.82844682527835,92.27714821497119,6996093.0
2016-11-08,94.53,94.85,93.9,94.38,6226219.0,0.0,1.0,92.37486837616463,92.68757289198365,91.75923136064593,92.22828813437445,6226219.0
2016-11-09,92.29,94.915,92.11,94.64,8635729.0,0.0,1.0,90.18593676543144,92.7510909967594,90.01004047528323,92.48236055347742,8635729.0
2016-11-10,94.89,96.06,94.23,94.96,13708270.0,0.0,1.0,92.72666095646103,93.86998684242435,92.08170789258429,92.79506506929644,13708270.0
2016-11-11,97.18,98.32,95.78,97.68,23008062.0,0.0,1.0,94.96445264779096,96.07846248539623,93.5963703910827,95.45305345375819,23008062.0
2016-11-14,97.56,98.31,97.45,97.92,13208417.0,0.0,1.0,95.33578926032605,96.06869046927689,95.22829708301326,95.68758184062246,13208417.0
2016-11-15,97.9,98.14,97.42,97.7,7184595.0,0.0,1.0,95.66803780838377,95.90256619524803,95.19898103465522,95.47259748599687,7184595.0
2016-11-16,98.33,99.17,98.1,99.12,9699637.0,0.0,1.0,96.08823450151557,96.90908385554053,95.86347813077064,96.8602237749438,9699637.0
2016-11-17,99.05,99.5,98.265,99.37,8662057.0,0.0,1.0,96.7918196621084,97.23156038747891,96.02471639673985,97.10452417792743,8662057.0
2016-11-18,99.05,99.37,98.14,98.24,8586121.0,0.0,1.0,96.7918196621084,97.10452417792743,95.90256619524803,96.00028635644148,8586121.0
2016-11-21,98.11,98.27,97.0,97.63,10771076.0,0.0,1.0,95.87325014689,96.0296024047995,94.78855635764275,95.40419337316145,10771076.0
2016-11-22,97.5,97.93,97.2671,97.71,5323652.0,0.0,1.0,95.27715716360998,95.6973538567418,95.04956690819044,95.48236950211621,5323652.0
2016-11-23,97.67,98.28,97.59,98.26,6165977.0,0.0,1.0,95.44328143763884,96.03937442091886,95.36510530868408,96.01983038868018,6165977.0
2016-11-25,98.71,99.07,98.5,98.82,4396763.0,0.0,1.0,96.45957111405068,96.81136369434708,96.25435877554443,96.56706329136345,4396763.0
2016-11-28,98.52,99.2,98.32,98.97,7106669.0,0.0,1.0,96.27390280778313,96.93839990389857,96.07846248539623,96.71364353315363,7106669.0
2016-11-29,99.23,99.68,98.97,99.67,8396628.0,0.0,1.0,96.9677159522566,97.40745667762711,96.71364353315363,97.39768466150777,8396628.0
2016-11-30,99.4,100.2895,99.0,99.12,11368462.0,0.0,1.0,97.13384022628546,98.00306106010116,96.74295958151167,96.8602237749438,11368462.0
2016-12-01,99.13,99.75,98.62,98.94,9956254.0,0.0,1.0,96.86999579106315,97.47586079046252,96.37162296897658,96.6843274847956,9956254.0
2016-12-02,98.79,99.08,98.25,98.5,7737143.0,0.0,1.0,96.53774724300544,96.82113571046642,96.01005837256082,96.25435877554443,7737143.0
2016-12-05,98.98,100.27,98.68,99.96,11331542.0,0.0,1.0,96.72341554927299,97.98400562866843,96.43025506569265,97.68107312896875,11331542.0
2016-12-06,99.95,100.72,99.82,100.66,8427531.0,0.0,1.0,97.6713011128494,98.42374635403894,97.54426490329791,98.36511425732287,8427531.0
2016-12-07,100.51,102.07,100.44,101.99,12255742.0,0.0,1.0,98.21853401553271,99.74296853015046,98.15012990269729,99.6647924011957,12255742.0
2016-12-08,101.47,103.96,101.47,103.38,16524513.0,0.78,1.0,99.90478245464321,102.35637315447629,99.90478245464321,101.78531989909348,16524513.0
2016-12-09,103.49,105.5237,103.18,104.86,12173909.0,0.0,1.0,101.89362310270056,103.8959524224799,101.58840498344425,103.24249027489788,12173909.0
2016-12-12,104.61,104.7,103.73,104.06,7879703.0,0.0,1.0,102.99634663033633,103.08495834237848,102.12992100147966,102.45483061230091,7879703.0
2016-12-13,104.2,104.31,103.71,103.85,7393171.0,0.0,1.0,102.59267105325539,102.70097425686247,102.11022950991473,102.2480699508692,7393171.0
2016-12-14,103.62,104.4097,103.5,104.05,7959458.0,0.0,1.0,102.02161779787258,102.79913634231362,101.90346884848303,102.44498486651844,7959458.0
2016-12-15,103.85,105.64,103.82,104.39,8745434.0,0.0,1.0,102.2480699508692,104.01045844592993,102.21853271352181,102.77974022312216,8745434.0
2016-12-16,104.71,104.725,103.75,103.91,12635016.0,0.0,1.0,103.09480408816094,103.10957270683464,102.14961249304459,102.30714442556398,12635016.0
2016-12-19,105.7,106.26,105.065,105.3,11473052.0,0.0,1.0,104.0695329206247,104.62089468444259,103.44432806343835,103.6757030893262,11473052.0
2016-12-20,105.64,106.2,105.06,105.46,8947285.0,0.0,1.0,104.01045844592993,104.56182020974781,103.43940519054712,103.8332350218456,8947285.0
2016-12-21,104.61,105.91,104.51,105.56,5202235.0,0.0,1.0,102.99634663033633,104.2762935820564,102.89788917251171,103.93169247967023,5202235.0
2016-12-22,104.96,105.49,104.7,105.42,5230549.0,0.0,1.0,103.3409477327225,103.862772259193,103.08495834237848,103.79385203871576,5230549.0
2016-12-23,105.24,105.34,104.75,105.15,3238753.0,0.0,1.0,103.61662861463144,103.71508607245606,103.1341870712908,103.52801690258929,3238753.0
2016-12-27,104.85,105.556,104.78,105.17,3639539.0,0.0,1.0,103.23264452911542,103.92775418135724,103.16372430863818,103.54770839415421,3639539.0
2016-12-28,104.99,105.32,104.06,104.3,5178595.0,0.0,1.0,103.37048497006988,103.69539458089113,102.45483061230091,102.69112851108,5178595.0
2016-12-29,104.23,104.77,103.87,104.56,5896763.0,0.0,1.0,102.62220829060277,103.15387856285572,102.26776144243414,102.94711790142402,5896763.0
2016-12-30,104.57,105.0,103.96,104.22,6982680.0,0.0,1.0,102.95696364720648,103.38033071585235,102.35637315447629,102.6123625448203,6982680.0
2017-01-03,105.3,106.9,105.205,106.08,8884273.0,0.0,1.0,103.6757030893262,105.25102241452016,103.58216850439283,104.44367126035826,8884273.0
2017-01-04,106.64,107.5,106.25,107.44,8321566.0,0.0,1.0,104.99503302417614,105.84176716146789,104.61104893866012,105.7826926867731,8321566.0
2017-01-05,107.17,107.6171,106.79,107.38,6301645.0,0.0,1.0,105.51685755064663,105.95706084458051,105.14271921091307,105.72361821207834,6301645.0
2017-01-06,108.015,109.35,107.75,108.98,9551309.0,0.0,1.0,106.34882306926468,107.66323013122337,106.08791080602944,107.29893753727228,9551309.0
2017-01-09,108.58,108.83,108.11,108.36,6194980.0,0.0,1.0,106.90510770597379,107.15125135053535,106.44235765419808,106.68850129875962,6194980.0
2017-01-10,107.9,108.82,107.35,108.38,7901886.0,0.0,1.0,106.23559699276638,107.14140560475288,105.69408097473095,106.70819279032455,7901886.0
2017-01-11,108.54,109.4901,108.38,109.44,7616804.0,0.0,1.0,106.86572472284395,107.80116902963567,106.70819279032455,107.75184184326554,7616804.0
2017-01-12,108.12,109.0,107.43,107.53,8218590.0,0.0,1.0,106.45220339998053,107.31862902883721,105.77284694099066,105.87130439881527,8218590.0
2017-01-13,107.16,108.35,106.9,108.06,6488323.0,0.0,1.0,105.50701180486416,106.67865555297716,105.25102241452016,106.39312892528577,6488323.0
2017-01-17,107.91,108.93,107.65,107.97,7586483.0,0.0,1.0,106.24544273854883,107.24970880835997,105.98945334820482,106.3045172132436,7586483.0
2017-01-18,106.93,108.4,106.81,108.16,7162759.0,0.0,1.0,105.28055965186755,106.72788428188947,105.162410702478,106.49158638311037,7162759.0
2017-01-19,107.92,108.01,107.08,107.28,5350191.0,0.0,1.0,106.25528848433129,106.34390019637345,105.42824583860447,105.62516075425371,5350191.0
2017-01-20,107.35,107.82,107.18,107.66,5648910.0,0.0,1.0,105.69408097473095,106.15683102650667,105.5267032964291,105.99929909398728,5648910.0
2017-01-23,107.34,107.68,106.57,107.12,5716282.0,0.0,1.0,105.6842352289485,106.0189905855522,104.9261128036989,105.46762882173432,5716282.0
2017-01-24,107.2,108.06,107.08,107.9,5456146.0,0.0,1.0,105.54639478799402,106.39312892528577,105.42824583860447,106.23559699276638,5456146.0
2017-01-25,108.23,108.42,108.0,108.04,6180212.0,0.0,1.0,106.56050660358763,106.7475757734544,106.33405445059098,106.37343743372084,6180212.0
2017-01-26,108.21,108.62,107.98,108.06,6079494.0,0.0,1.0,106.54081511202268,106.94449068910365,106.31436295902607,106.39312892528577,6079494.0
2017-01-27,108.49,109.4,108.15,109.3,5577657.0,0.0,1.0,106.81649599393162,107.7124588601357,106.48174063732793,107.61400140231106,5577657.0
2017-01-30,109.86,111.05,108.96,110.94,13792322.0,0.0,1.0,108.16536316612894,109.33700691424194,107.27924604570735,109.22870371063485,13792322.0
2017-01-31,110.59,110.8,109.98,110.65,8484214.0,0.0,1.0,108.88410260824868,109.09086326968038,108.28351211551849,108.94317708294346,8484214.0
2017-02-01,110.71,111.99,110.675,111.3,10497859.0,0.0,1.0,109.00225155763822,110.26250701779337,108.9677914473996,109.5831505588035,10497859.0
2017-02-02,111.21,111.54,110.55,110.61,6515922.0,0.0,1.0,109.49453884676133,109.8194484575826,108.84471962511883,108.90379409981361,6515922.0
2017-02-03,110.9,111.15,110.21,110.3,7923085.0,0.0,1.0,109.189320727505,109.43546437206656,108.50996426851512,108.59857598055727,7923085.0
2017-02-06,109.92,110.15,109.3,109.57,6892699.0,0.0,1.0,108.22443764082372,108.45088979382035,107.61400140231106,107.87983653843753,6892699.0
2017-02-07,109.65,109.73,108.7739,109.0,10157451.0,0.0,1.0,107.95860250469724,108.03736847095693,107.09601671669573,107.31862902883721,10157451.0
2017-02-08,109.56,111.42,108.98,109.0,13613377.0,0.0,1.0,107.86999079265509,109.70129950819305,107.29893753727228,107.31862902883721,13613377.0
2017-02-09,109.07,109.85,109.0,109.49,6369737.0,0.0,1.0,107.38754924931443,108.15551742034647,107.31862902883721,107.80107057217784,6369737.0
2017-02-10,109.35,109.8,108.5814,109.26,7671800.0,0.0,1.0,107.66323013122337,108.10628869143417,106.90648611038334,107.57461841918122,7671800.0
2017-02-13,108.95,109.9,108.9,109.65,5654040.0,0.0,1.0,107.2694002999249,108.2047461492588,107.22017157101259,107.95860250469724,5654040.0
2017-02-14,109.8,110.33,109.53,110.33,4768197.0,0.0,1.0,108.10628869143417,108.62811321790467,107.84045355530769,108.62811321790467,4768197.0
2017-02-15,109.91,110.68,109.801,110.18,7087135.0,0.0,1.0,108.21459189504125,108.97271432029085,108.10727326601243,108.48042703116774,7087135.0
2017-02-16,110.34,110.87,110.09,110.71,7179625.0,0.0,1.0,108.63795896368713,109.15978349015762,108.39181531912558,109.00225155763822,7179625.0
2017-02-17,110.24,110.5,109.52,110.06,6349061.0,0.0,1.0,108.5395015058625,108.79549089620652,107.83060780952523,108.36227808177819,6349061.0
2017-02-21,109.94,110.21,109.8,110.01,5431830.0,0.0,1.0,108.24412913238864,108.50996426851512,108.10628869143417,108.31304935286589,5431830.0
2017-02-22,109.69,110.28,109.53,110.12,5478398.0,0.0,1.0,107.99798548782708,108.57888448899236,107.84045355530769,108.42135255647297,5478398.0
2017-02-23,110.3,110.49,109.59,109.73,5470661.0,0.0,1.0,108.59857598055727,108.78564515042406,107.89952803000247,108.03736847095693,5470661.0
2017-02-24,109.62,110.32,109.1,110.32,4786814.0,0.0,1.0,107.92906526734986,108.6182674721222,107.41708648666182,108.6182674721222,4786814.0
2017-02-27,109.93,110.47,109.83,110.23,3547459.0,0.0,1.0,108.23428338660618,108.76595365885913,108.13582592878156,108.52965576008005,3547459.0
2017-02-28,110.0,110.4,109.83,110.09,4765738.0,0.0,1.0,108.30320360708342,108.69703343838191,108.13582592878156,108.39181531912558,4765738.0
2017-03-01,110.66,111.8,110.66,111.04,7418101.0,0.0,1.0,108.9530228287259,110.0754378479266,108.9530228287259,109.32716116845948,7418101.0
2017-03-02,111.0,111.205,110.45,110.59,4715623.0,0.0,1.0,109.28777818532963,109.4896159738701,108.74626216729422,108.88410260824868,4715623.0
2017-03-03,110.34,111.5,110.04,111.24,5843886.0,0.0,1.0,108.63795896368713,109.78006547445274,108.34258659021327,109.52407608410871,5843886.0
2017-03-06,110.772,110.98,110.09,110.67,4983166.0,0.0,1.0,109.0632951814895,109.2680866937647,108.39181531912558,108.96286857450838,4983166.0
2017-03-07,110.7,110.93,110.16,110.86,5114392.0,0.0,1.0,108.99240581185576,109.2188579648524,108.46073553960281,109.14993774437515,5114392.0
2017-03-08,110.87,111.32,110.655,110.84,4929881.0,0.0,1.0,109.15978349015762,109.60284205036841,108.94809995583469,109.13024625281024,4929881.0
2017-03-09,110.9,111.32,110.69,111.03,4005660.0,0.0,1.0,109.189320727505,109.60284205036841,108.9825600660733,109.31731542267701,4005660.0
2017-03-10,111.4,111.5,110.69,110.92,4027005.0,0.0,1.0,109.68160801662812,109.78006547445274,108.9825600660733,109.20901221906993,4027005.0
2017-03-13,110.92,111.68,110.82,111.52,5213562.0,0.0,1.0,109.20901221906993,109.95728889853706,109.1105547612453,109.79975696601765,5213562.0
2017-03-14,111.73,112.89,111.72,112.31,7273535.0,0.0,1.0,110.00651762744937,111.14862413821497,109.9966718816669,110.57757088283216,7273535.0
2017-03-15,112.43,112.45,111.15,111.87,5319516.0,0.0,1.0,110.69571983222171,110.71541132378664,109.43546437206656,110.14435806840383,5319516.0
2017-03-16,112.18,112.32,111.4,111.71,4409419.0,0.0,1.0,110.44957618766017,110.58741662861462,109.68160801662812,109.98682613588443,4409419.0
2017-03-17,111.87,112.09,111.175,111.76,9061194.0,0.0,1.0,110.14435806840383,110.360964475618,109.46007873652272,110.03605486479675,9061194.0
2017-03-20,112.07,113.16,112.05,112.71,8156325.0,0.0,1.0,110.34127298405306,111.41445927434144,110.32158149248815,110.97140071413065,8156325.0
2017-03-21,112.97,113.1,111.54,111.75,7109766.0,0.0,1.0,111.22739010447467,111.35538479964667,109.8194484575826,110.02620911901428,7109766.0
2017-03-22,111.85,112.18,111.35,112.08,5044710.0,0.0,1.0,110.1246665768389,110.44957618766017,109.63237928771579,110.35111872983553,5044710.0
2017-03-23,111.71,112.98,111.66,112.24,8307922.0,0.0,1.0,109.98682613588443,111.23723585025714,109.93759740697213,110.50865066235492,8307922.0
2017-03-24,112.4,112.58,111.68,112.14,4706397.0,0.0,1.0,110.66618259487433,110.84340601895865,109.95728889853706,110.41019320453032,4706397.0
2017-03-27,111.81,112.55,111.45,112.38,4469820.0,0.0,1.0,110.08528359370906,110.81386878161125,109.73083674554043,110.6464911033094,4469820.0
2017-03-28,112.6,113.24,112.02,113.05,6280839.0,0.0,1.0,110.86309751052356,111.49322524060113,110.29204425514077,111.30615607073436,6280839.0
2017-03-29,112.66,112.94,112.31,112.53,3781206.0,0.0,1.0,110.92217198521834,111.19785286712728,110.57757088283216,110.79417729004633,3781206.0
2017-03-30,112.53,113.295,112.2768,113.18,4192753.0,0.0,1.0,110.79417729004633,111.54737684240469,110.54488300683438,111.43415076590638,4192753.0
2017-03-31,113.0,113.71,112.95,113.39,4617427.0,0.0,1.0,111.25692734182205,111.95597529237686,111.20769861290975,111.64091142733808,4617427.0
2017-04-03,113.18,113.65,112.43,113.2,4643409.0,0.0,1.0,111.43415076590638,111.8969008176821,110.69571983222171,111.4538422574713,4643409.0
2017-04-04,113.15,113.55,112.83,113.04,3385987.0,0.0,1.0,111.404613528559,111.79844335985747,111.0895496635202,111.2963103249519,3385987.0
2017-04-05,113.58,113.84,112.79,113.0,4795081.0,0.0,1.0,111.82798059720486,112.08396998754887,111.05016668039036,111.25692734182205,4795081.0
2017-04-06,112.85,113.4201,112.39,113.05,4744006.0,0.0,1.0,111.10924115508512,111.67054712214329,110.65633684909186,111.30615607073436,4744006.0
2017-04-07,112.82,113.28,112.53,112.58,4300468.0,0.0,1.0,111.07970391773773,111.53260822373099,110.79417729004633,110.84340601895865,4300468.0
2017-04-10,112.8,112.89,112.04,112.43,4053564.0,0.0,1.0,111.0600124261728,111.14862413821497,110.3117357467057,110.69571983222171,4053564.0
2017-04-11,113.68,113.83,112.5901,113.07,5230127.0,0.0,1.0,111.92643805502948,112.07412424176641,110.85335022219894,111.32584756229929,5230127.0
2017-04-12,113.03,113.276,112.76,113.04,4086275.0,0.0,1.0,111.28646457916945,111.528669925418,111.02062944304296,111.2963103249519,4086275.0
2017-04-13,113.04,114.2501,112.99,113.2,6530791.0,0.0,1.0,111.2963103249519,112.48774402208765,111.24708159603959,111.4538422574713,6530791.0
2017-04-17,113.33,113.94,113.22,113.78,5120176.0,0.0,1.0,111.5818369526433,112.18242744537349,111.47353374903622,112.0248955128541,5120176.0
2017-04-18,113.48,114.75,113.0,114.19,6191132.0,0.0,1.0,111.72952313938023,112.97993285375293,111.25692734182205,112.42857108993505,6191132.0
2017-04-19,114.56,115.0,113.54,113.73,5303424.0,0.0,1.0,112.79286368388615,113.22607649831448,111.78859761407502,111.97566678394179,5303424.0
2017-04-20,114.17,115.05,113.87,114.79,5278817.0,0.0,1.0,112.40887959837012,113.27530522722678,112.11350722489627,113.01931583688278,5278817.0
2017-04-21,114.38,115.12,114.27,114.44,6654516.0,0.0,1.0,112.61564025980182,113.34422544770403,112.50733705619474,112.6747147344966,6654516.0
2017-04-24,115.26,115.38,113.66,113.7,7294620.0,0.0,1.0,113.4820658886585,113.60021483804803,111.90674656346455,111.9461295465944,7294620.0
2017-04-25,113.73,115.52,113.68,115.18,6918330.0,0.0,1.0,111.97566678394179,113.73805527900251,111.92643805502948,113.4032999223988,6918330.0
2017-04-26,115.4,115.96,114.86,115.58,4809837.0,0.0,1.0,113.61990632961297,114.17126809343084,113.08823605736,113.79712975369728,4809837.0
2017-04-27,115.8,116.1,115.39,115.84,3910767.0,0.0,1.0,114.01373616091145,114.3091085343853,113.6100605838305,114.0531191440413,3910767.0
2017-04-28,115.87,115.9,115.24,115.6,3987631.0,0.0,1.0,114.08265638138869,114.11219361873607,113.46237439709357,113.8168212452622,3987631.0
2017-05-01,115.59,115.61,114.72,114.73,4963309.0,0.0,1.0,113.80697549947975,113.82666699104468,112.95039561640554,112.960241362188,4963309.0
2017-05-02,114.87,114.99,113.68,114.37,6604605.0,0.0,1.0,113.09808180314248,113.21623075253201,111.92643805502948,112.60579451401937,6604605.0
2017-05-03,114.03,114.09,111.18,111.62,11518391.0,0.0,1.0,112.27103915741566,112.33011363211043,109.46500160941395,109.89821442384229,11518391.0
2017-05-04,110.58,111.3,109.06,111.17,10690627.0,0.0,1.0,108.87425686246621,109.5831505588035,107.37770350353198,109.45515586363149,10690627.0
2017-05-05,111.49,112.15,110.92,111.99,5871354.0,0.0,1.0,109.77021972867027,110.42003895031277,109.20901221906993,110.26250701779337,5871354.0
2017-05-08,112.39,112.39,111.0,111.42,5980139.0,0.0,1.0,110.65633684909186,110.65633684909186,109.28777818532963,109.70129950819305,5980139.0
2017-05-09,111.55,112.1457,110.35,112.07,9337351.0,0.0,1.0,109.82929420336504,110.41580527962631,108.64780470946958,110.34127298405306,9337351.0
2017-05-10,109.0,109.66,108.13,109.66,17061077.0,0.0,1.0,107.31862902883721,107.9684482504797,106.46204914576299,107.9684482504797,17061077.0
2017-05-11,109.74,110.005,108.5,109.58,8021280.0,0.0,1.0,108.04721421673939,108.30812647997465,106.8263417397141,107.88968228422,8021280.0
2017-05-12,109.8,109.89,109.27,109.69,5067654.0,0.0,1.0,108.10628869143417,108.19490040347632,107.58446416496368,107.99798548782708,5067654.0
2017-05-15,109.73,110.08,109.12,109.13,6218837.0,0.0,1.0,108.03736847095693,108.38196957334311,107.43677797822676,107.4466237240092,6218837.0
2017-05-16,109.12,109.23,107.82,107.98,10047055.0,0.0,1.0,107.43677797822676,107.54508118183384,106.15683102650667,106.31436295902607,10047055.0
2017-05-17,106.0,106.63,105.23,106.31,12763221.0,0.0,1.0,104.36490529409856,104.98518727839367,103.60678286884898,104.67012341335489,12763221.0
2017-05-18,105.98,107.31,105.98,106.68,6532185.0,0.0,1.0,104.34521380253365,105.65469799160111,104.34521380253365,105.03441600730599,6532185.0
2017-05-19,106.76,107.86,106.7,107.52,6336651.0,0.0,1.0,105.11318197356569,106.19621400963652,105.05410749887092,105.8614586530328,6336651.0
2017-05-22,107.65,108.2,107.41,107.63,5486649.0,0.0,1.0,105.98945334820482,106.53096936624023,105.75315544942572,105.96976185663989,5486649.0
2017-05-23,107.68,107.8,106.9142,107.02,7542646.0,0.0,1.0,106.0189905855522,106.13713953494174,105.26500337353124,105.3691713639097,7542646.0
2017-05-24,107.15,107.825,106.93,107.71,4405185.0,0.0,1.0,105.4971660590817,106.16175389939791,105.28055965186755,106.04852782289959,4405185.0
2017-05-25,108.13,108.13,106.775,107.27,8029792.0,0.0,1.0,106.46204914576299,106.46204914576299,105.12795059223939,105.61531500847126,8029792.0
2017-05-26,107.71,108.49,107.48,108.41,6236779.0,0.0,1.0,106.04852782289959,106.81649599393162,105.82207566990296,106.73773002767193,6236779.0
2017-05-30,108.49,108.6,107.9507,108.34,4813386.0,0.0,1.0,106.81649599393162,106.92479919753872,106.28551492388345,106.6688098071947,4813386.0
2017-05-31,108.4,108.65,107.64,107.94,9963649.0,0.0,1.0,106.72788428188947,106.97402792645103,105.97960760242235,106.27497997589622,9963649.0
2017-06-01,107.73,108.21,107.17,108.21,5907339.0,0.0,1.0,106.06821931446451,106.54081511202268,105.51685755064663,106.54081511202268,5907339.0
2017-06-02,108.46,108.64,106.95,107.18,10875198.0,0.0,1.0,106.78695875658424,106.96418218066857,105.30025114343246,105.5267032964291,10875198.0
2017-06-05,107.04,107.22,106.11,106.52,6372827.0,0.0,1.0,105.38886285547463,105.56608627955895,104.47320849770564,104.87688407478659,6372827.0
2017-06-06,106.17,106.19,104.61,105.5,9589493.0,0.0,1.0,104.53228297240042,104.55197446396534,102.99634663033633,103.87261800497545,9589493.0
2017-06-07,105.79,106.25,105.54,105.92,5777681.0,0.0,1.0,104.15814463266686,104.61104893866012,103.9120009881053,104.28613932783887,5777681.0
2017-06-08,105.47,105.56,104.16,104.32,11002357.0,0.0,1.0,103.84308076762807,103.93169247967023,102.55328807012553,102.71082000264492,11002357.0
2017-06-09,104.28,105.92,104.08,105.62,9392516.0,0.0,1.0,102.67143701951508,104.28613932783887,102.47452210386584,103.990766954365,9392516.0
2017-06-12,105.89,107.2,105.89,107.04,8049428.0,0.0,1.0,104.25660209049148,105.54639478799402,104.25660209049148,105.38886285547463,8049428.0
2017-06-13,107.14,107.26,106.16,106.56,4918936.0,0.0,1.0,105.48732031329925,105.6054692626888,104.52243722661795,104.91626705791644,4918936.0
2017-06-14,106.95,107.01,105.76,106.14,4780294.0,0.0,1.0,105.30025114343246,105.35932561812724,104.12860739531948,104.50274573505304,4780294.0
2017-06-15,105.94,106.16,105.23,105.98,5309916.0,0.0,1.0,104.3058308194038,104.52243722661795,103.60678286884898,104.34521380253365,5309916.0
2017-06-16,106.28,106.35,104.765,105.51,8683368.0,0.0,1.0,104.6405861760075,104.70950639648473,103.1489556899645,103.88246375075792,8683368.0
2017-06-19,105.6,106.0,105.185,105.37,5955769.0,0.0,1.0,103.97107546280007,104.36490529409856,103.5624770128279,103.74462330980346,5955769.0
2017-06-20,105.07,105.3,103.81,103.94,7895674.0,0.0,1.0,103.44925093632958,103.6757030893262,102.20868696773935,102.33668166291136,7895674.0
2017-06-21,104.39,105.08,103.54,104.8,7765661.0,0.0,1.0,102.77974022312216,103.45909668211205,101.94285183161288,103.18341580020311,7765661.0
2017-06-22,104.71,104.77,104.09,104.22,6155991.0,0.0,1.0,103.09480408816094,103.15387856285572,102.4843678496483,102.6123625448203,6155991.0
2017-06-23,103.83,104.58,103.17,104.36,18147866.0,0.0,1.0,102.22837845930428,102.96680939298894,101.57855923766178,102.75020298577478,18147866.0
2017-06-26,104.6,105.85,104.56,105.57,5866969.0,0.0,1.0,102.98650088455386,104.21721910736163,102.94711790142402,103.94153822545269,5866969.0
2017-06-27,105.33,106.145,105.14,105.41,5694473.0,0.0,1.0,103.7052403266736,104.50766860794425,103.51817115680682,103.7840062929333,5694473.0
2017-06-28,106.02,107.54,104.52,106.86,7874336.0,0.0,1.0,104.38459678566349,105.88115014459774,102.90773491829417,105.21163943139031,7874336.0
2017-06-29,106.8,107.41,105.33,105.71,7268675.0,0.0,1.0,105.15256495669553,105.75315544942572,103.7052403266736,104.07937866640715,7268675.0
2017-06-30,106.25,106.56,105.5,106.25,5113791.0,0.0,1.0,104.61104893866012,104.91626705791644,103.87261800497545,104.61104893866012,5113791.0
2017-07-03,106.76,108.62,106.76,107.46,5399537.0,0.0,1.0,105.11318197356569,106.94449068910365,105.11318197356569,105.80238417833803,5399537.0
2017-07-05,107.83,107.85,105.29,105.63,8049724.0,0.0,1.0,106.16667677228914,106.18636826385405,103.66585734354376,104.00061270014746,8049724.0
2017-07-06,104.61,104.69,102.94,103.35,8690802.0,0.78,1.0,103.77367754830114,103.85303797468355,102.11702864756829,102.52375083277813,8690802.0
2017-07-07,103.51,103.73,102.72,103.32,6030928.0,0.0,1.0,102.68247168554298,102.90071285809461,101.89878747501665,102.49399067288473,6030928.0
2017-07-10,103.3,103.91,102.87,103.59,4421270.0,0.0,1.0,102.47415056628914,103.07927381745502,102.04758827448369,102.76183211192539,4421270.0
2017-07-11,103.6,104.19,103.188,103.84,4557336.0,0.0,1.0,102.77175216522318,103.35703530979346,102.36304596935376,103.00983344437041,4557336.0
2017-07-12,104.34,104.65,103.645,104.38,5203285.0,0.0,1.0,103.5058361092605,103.81335776149234,102.81639240506328,103.54551632245169,5203285.0
2017-07-13,104.45,105.34,104.04,104.29,5339465.0,0.0,1.0,103.6149566955363,104.49784143904064,103.20823451032645,103.45623584277149,5339465.0
2017-07-14,104.43,105.25,104.41,105.09,4370311.0,0.0,1.0,103.59511658894071,104.40856095936043,103.5752764823451,104.2498401065956,4370311.0
2017-07-17,105.17,105.42,104.71,104.79,3973789.0,0.0,1.0,104.32920053297802,104.57720186542305,103.87287808127914,103.95223850766156,3973789.0
2017-07-18,104.6,105.8,104.31,105.75,5740471.0,0.0,1.0,103.76375749500332,104.95416389073951,103.47607594936709,104.9045636242505,5740471.0
2017-07-19,106.13,106.87,106.05,106.82,5789363.0,0.0,1.0,105.28152564956694,106.01560959360427,105.20216522318454,105.96600932711524,5789363.0
2017-07-20,106.99,107.71,106.7499,107.36,6185500.0,0.0,1.0,106.13465023317788,106.84889407061958,105.89646975349767,106.50169220519653,6185500.0
2017-07-21,107.1,107.33,106.805,107.09,4328517.0,0.0,1.0,106.24377081945369,106.47193204530313,105.95112924716855,106.2338507661559,4328517.0
2017-07-24,107.31,107.535,106.9,107.0,4615188.0,0.0,1.0,106.45209193870753,106.67529313790806,106.04536975349767,106.14457028647568,4615188.0
2017-07-25,107.6,107.74,106.2,106.42,5394699.0,0.0,1.0,106.73977348434376,106.87865423051298,105.35096602265156,105.56920719520319,5394699.0
2017-07-26,106.55,107.03,106.31,106.94,4149006.0,0.0,1.0,105.69816788807461,106.17433044636908,105.46008660892738,106.08504996668887,4149006.0
2017-07-27,107.69,110.0,107.44,110.0,10468680.0,0.0,1.0,106.82905396402398,109.12058627581612,106.58105263157894,109.12058627581612,10468680.0
2017-07-28,109.98,110.19,109.665,109.96,4864456.0,0.0,1.0,109.10074616922053,109.30906728847435,108.78826449033978,109.0809060626249,4864456.0
2017-07-31,110.02,110.14,109.34,109.93,6815349.0,0.0,1.0,109.14042638241172,109.25946702198534,108.46586275816122,109.05114590273152,6815349.0
2017-08-01,109.98,110.83,109.95,110.61,5987217.0,0.0,1.0,109.10074616922053,109.94395069953364,109.07098600932711,109.72570952698202,5987217.0
2017-08-02,109.88,109.88,107.52,108.67,8812748.0,0.0,1.0,109.0015456362425,109.0015456362425,106.66041305796135,107.80121918720853,8812748.0
2017-08-03,108.52,109.17,108.045,109.12,6892648.0,0.0,1.0,107.6524183877415,108.2972218520986,107.18121585609593,108.2476215856096,6892648.0
2017-08-04,108.23,108.5,107.32,107.69,8503837.0,0.0,1.0,107.36473684210526,107.6325782811459,106.46201199200532,106.82905396402398,8503837.0
2017-08-07,107.59,107.65,106.11,106.35,8093098.0,0.0,1.0,106.72985343104597,106.78937375083278,105.26168554297135,105.49976682211857,8093098.0
2017-08-08,106.55,107.14,106.175,106.98,9787086.0,0.0,1.0,105.69816788807461,106.2834510326449,105.32616588940705,106.12473017988007,9787086.0
2017-08-09,100.71,103.0,100.5,102.83,27877607.0,0.0,1.0,99.90485676215856,102.17654896735509,99.69653564290473,102.00790806129247,27877607.0
2017-08-10,102.5,102.82,101.22,101.35,12255261.0,0.0,1.0,101.68054630246502,101.99798800799466,100.41077948034643,100.53974017321785,12255261.0
2017-08-11,101.25,102.51,101.03,101.99,9410408.0,0.0,1.0,100.44053964023983,101.69046635576282,100.2222984676882,101.17462358427714,9410408.0
2017-08-14,102.8,102.81,101.26,101.4,9707297.0,0.0,1.0,101.97814790139907,101.98806795469687,100.45045969353764,100.58934043970686,9707297.0
2017-08-15,101.63,102.1,101.36,101.51,8868514.0,0.0,1.0,100.81750166555629,101.28374417055296,100.54966022651566,100.69846102598268,8868514.0
2017-08-16,101.84,102.65,101.72,102.2,6698347.0,0.0,1.0,101.02582278481013,101.82934710193204,100.9067821452365,101.38294470353098,6698347.0
2017-08-17,102.24,102.585,101.34,101.38,6612443.0,0.0,1.0,101.42262491672219,101.76486675549633,100.52982011992006,100.56950033311125,6612443.0
2017-08-18,101.32,101.7425,100.66,100.7,6893916.0,0.0,1.0,100.50998001332444,100.92910226515657,99.85525649566955,99.89493670886075,6893916.0
2017-08-21,100.64,101.42,100.53,101.17,6492603.0,0.0,1.0,99.83541638907396,100.60918054630247,99.72629580279813,100.36117921385743,6492603.0
2017-08-22,101.41,102.91,101.17,102.77,6888259.0,0.0,1.0,100.59926049300466,102.08726848767488,100.36117921385743,101.94838774150566,6888259.0
2017-08-23,102.48,102.98,101.48,101.5,5954375.0,0.0,1.0,101.66070619586942,102.1567088607595,100.66870086608928,100.68854097268488,5954375.0
2017-08-24,101.82,102.03,101.43,101.52,6976343.0,0.0,1.0,101.00598267821451,101.21430379746835,100.61910059960027,100.70838107928047,6976343.0
2017-08-25,101.69,102.685,101.56,102.41,6186933.0,0.0,1.0,100.8770219853431,101.86406728847435,100.74806129247169,101.5912658227848,6186933.0
2017-08-28,102.49,102.85,102.08,102.56,5630275.0,0.0,1.0,101.67062624916721,102.02774816788806,101.26390406395736,101.74006662225183,5630275.0
2017-08-29,102.0,102.99,101.82,102.57,6011231.0,0.0,1.0,101.18454363757495,102.16662891405728,101.00598267821451,101.74998667554962,6011231.0
2017-08-30,102.48,103.45,102.48,102.87,6573211.0,0.0,1.0,101.66070619586942,102.62295136575617,101.66070619586942,102.04758827448369,6573211.0
2017-08-31,103.0,103.19,101.0,101.2,9823832.0,0.0,1.0,102.17654896735509,102.36502998001332,100.1925383077948,100.39093937375084,9823832.0
2017-09-01,101.65,101.92,101.36,101.5,7827433.0,0.0,1.0,100.8373417721519,101.10518321119254,100.54966022651566,100.68854097268488,7827433.0
2017-09-05,102.0,102.55,100.9,101.6,9592925.0,0.0,1.0,101.18454363757495,101.73014656895403,100.09333777481679,100.78774150566288,9592925.0
2017-09-06,101.76,102.035,100.89,101.5,7530956.0,0.0,1.0,100.94646235842772,101.21926382411725,100.08341772151898,100.68854097268488,7530956.0
2017-09-07,101.55,101.86,96.2,97.06,26413091.0,0.0,1.0,100.73814123917388,101.04566289140573,95.4309127248501,96.28403730846102,26413091.0
2017-09-08,96.49,97.49,96.26,97.07,13147662.0,0.0,1.0,95.71859427048634,96.71059960026648,95.49043304463692,96.29395736175881,13147662.0
2017-09-11,97.9,98.02,96.96,97.09,9610290.0,0.0,1.0,97.11732178547635,97.23636242504996,96.184836775483,96.31379746835444,9610290.0
2017-09-12,97.59,98.36,97.125,97.89,9150144.0,0.0,1.0,96.80980013324451,97.57364423717522,96.34851765489674,97.10740173217854,9150144.0
2017-09-13,98.24,98.9491,98.02,98.82,7615303.0,0.0,1.0,97.45460359760159,98.1580345769487,97.23636242504996,98.02996668887407,7615303.0
2017-09-14,98.79,98.84,97.5375,97.9,9709529.0,0.0,1.0,98.00020652898068,98.04980679546969,96.75771985343104,97.11732178547635,9709529.0
2017-09-15,98.05,98.9299,98.0,98.52,23870293.0,0.0,1.0,97.26612258494336,98.13898807461692,97.21652231845437,97.73236508994003,23870293.0
2017-09-18,98.39,98.72,97.72,98.1,7013634.0,0.0,1.0,97.60340439706862,97.93076615589607,96.93876082611592,97.31572285143237,7013634.0
2017-09-19,98.23,98.67,98.08,98.43,6970280.0,0.0,1.0,97.4446835443038,97.88116588940706,97.29588274483677,97.64308461025983,6970280.0
2017-09-20,98.76,99.28,98.62,99.21,6458824.0,0.0,1.0,97.97044636908728,98.48628914057295,97.83156562291806,98.41684876748833,6458824.0
2017-09-21,99.19,99.39,98.75,98.89,4957992.0,0.0,1.0,98.39700866089274,98.59540972684877,97.96052631578947,98.09940706195869,4957992.0
2017-09-22,98.55,98.99,98.53,98.6,6357361.0,0.0,1.0,97.76212524983345,98.1986075949367,97.74228514323784,97.81172551632244,6357361.0
2017-09-25,98.6,99.645,98.42,99.57,7490065.0,0.0,1.0,97.81172551632244,98.8483710859427,97.63316455696203,98.77397068620918,7490065.0
2017-09-26,99.64,99.74,98.61,98.63,6220082.0,0.0,1.0,98.8434110592938,98.94261159227182,97.82164556962024,97.84148567621585,6220082.0
2017-09-27,98.97,99.525,98.02,99.24,7596359.0,0.0,1.0,98.17876748834111,98.72933044636909,97.23636242504996,98.44660892738173,7596359.0
2017-09-28,98.77,99.05,98.0,98.05,7149480.0,0.0,1.0,97.98036642238507,98.25812791472352,97.21652231845437,97.26612258494336,7149480.0
2017-09-29,97.89,98.59,97.66,98.57,8185228.0,0.0,1.0,97.10740173217854,97.80180546302465,96.87924050632911,97.78196535642904,8185228.0
2017-10-02,99.31,100.44,99.11,99.86,6923319.0,0.0,1.0,98.51604930046635,99.63701532311792,98.31764823451033,99.06165223184543,6923319.0
2017-10-03,100.05,100.85,99.91,100.79,5447569.0,0.0,1.0,99.25013324450366,100.04373750832778,99.11125249833444,99.98421718854098,5447569.0
2017-10-04,100.74,100.93,100.2,100.55,5125736.0,0.0,1.0,99.93461692205196,100.1230979347102,99.39893404397068,99.74613590939373,5125736.0
2017-10-05,100.64,100.87,100.02,100.11,4736650.0,0.0,1.0,99.83541638907396,100.06357761492339,99.22037308461026,99.30965356429047,4736650.0
2017-10-06,99.95,100.27,99.34,100.07,4360012.0,0.0,1.0,99.15093271152566,99.46837441705529,98.54580946035976,99.26997335109925,4360012.0
2017-10-09,100.81,100.98,99.45,99.57,5427794.0,0.0,1.0,100.00405729513658,100.1726982011992,98.65493004663557,98.77397068620918,5427794.0
2017-10-10,99.99,100.07,98.6639,99.58,7704137.0,0.0,1.0,99.19061292471685,99.26997335109925,97.8751146568954,98.78389073950699,7704137.0
2017-10-11,99.58,99.58,98.045,98.55,7983887.0,0.0,1.0,98.78389073950699,98.78389073950699,97.26116255829447,97.76212524983345,7983887.0
2017-10-12,97.56,97.8158,96.81,96.93,11018249.0,0.0,1.0,96.7800399733511,97.03379493670886,96.036035976016,96.1550766155896,11018249.0
2017-10-13,96.8,97.68,96.8,97.38,6857964.0,0.0,1.0,96.02611592271818,96.89908061292472,96.02611592271818,96.60147901399067,6857964.0
2017-10-16,97.64,98.27,97.54,98.13,4911623.0,0.0,1.0,96.85940039973352,97.484363757495,96.7601998667555,97.34548301132578,4911623.0
2017-10-17,98.4,98.47,97.86,98.36,5941276.0,0.0,1.0,97.61332445036642,97.68276482345102,97.07764157228515,97.57364423717522,5941276.0
2017-10-18,98.36,98.49,97.55,98.25,5404326.0,0.0,1.0,97.57364423717522,97.70260493004663,96.77011992005329,97.4645236508994,5404326.0
2017-10-19,98.19,99.3,98.1148,99.01,5633912.0,0.0,1.0,97.40500333111258,98.50612924716854,97.33040453031313,98.21844770153231,5633912.0
2017-10-20,99.45,99.66,98.94,99.4,5938716.0,0.0,1.0,98.65493004663557,98.86325116588941,98.1490073284477,98.60532978014658,5938716.0
2017-10-23,99.12,99.18,98.63,98.7,5887981.0,0.0,1.0,98.32756828780813,98.38708860759495,97.84148567621585,97.91092604930047,5887981.0
2017-10-24,98.52,98.86,98.06,98.29,4965937.0,0.0,1.0,97.73236508994003,98.06964690206529,97.27604263824118,97.50420386409061,4965937.0
2017-10-25,98.05,98.22,97.45,97.78,4094746.0,0.0,1.0,97.26612258494336,97.434763491006,96.67091938707529,96.99828114590274,4094746.0
2017-10-26,97.58,99.48,97.25,98.56,6167314.0,0.0,1.0,96.7998800799467,98.68469020652898,96.47251832111925,97.77204530313125,6167314.0
2017-10-27,97.9,98.36,96.89,98.31,7868685.0,0.0,1.0,97.11732178547635,97.57364423717522,96.1153964023984,97.52404397068621,7868685.0
2017-10-30,98.12,98.33,97.7025,98.04,7092777.0,0.0,1.0,97.33556295802798,97.5438840772818,96.92140073284477,97.25620253164557,7092777.0
2017-10-31,97.94,98.086,97.3842,97.81,5701674.0,0.0,1.0,97.15700199866755,97.30183477681545,96.60564543637575,97.02804130579614,5701674.0
2017-11-01,98.13,99.46,98.0,99.03,6920435.0,0.0,1.0,97.34548301132578,98.66485009993337,97.21652231845437,98.23828780812791,6920435.0
2017-11-02,98.87,99.12,98.015,98.35,6798658.0,0.0,1.0,98.07956695536309,98.32756828780813,97.23140239840106,97.56372418387741,6798658.0
2017-11-03,98.36,99.3799,97.9,98.64,5417459.0,0.0,1.0,97.57364423717522,98.585390473018,97.11732178547635,97.85140572951366,5417459.0
2017-11-06,98.37,101.13,98.35,100.64,14727506.0,0.0,1.0,97.58356429047302,100.32149900066622,97.56372418387741,99.83541638907396,14727506.0
2017-11-07,101.29,102.9,100.74,101.61,12177479.0,0.0,1.0,100.48021985343105,102.07734843437709,99.93461692205196,100.79766155896068,12177479.0
2017-11-08,101.88,102.0,100.42,101.18,7927589.0,0.0,1.0,101.06550299800132,101.18454363757495,99.61717521652231,100.37109926715523,7927589.0
2017-11-09,100.83,103.91,100.8,102.68,12086586.0,0.0,1.0,100.02389740173217,103.07927381745502,99.99413724183877,101.85910726182546,12086586.0
2017-11-10,104.99,106.24,104.08,104.78,16699680.0,0.0,1.0,104.15063957361758,105.39064623584277,103.24791472351765,103.94231845436376,16699680.0
2017-11-13,104.14,105.14,103.98,104.74,7855962.0,0.0,1.0,103.30743504330447,104.29944037308461,103.14871419053964,103.90263824117254,7855962.0
2017-11-14,104.57,104.57,103.0,103.17,6928761.0,0.0,1.0,103.73399733510992,103.73399733510992,102.17654896735509,102.34518987341772,6928761.0
2017-11-15,102.75,103.96,102.4488,103.69,5691471.0,0.0,1.0,101.92854763491006,103.12887408394403,101.62975562958029,102.86103264490339,5691471.0
2017-11-16,103.63,103.98,102.76,103.6,6362493.0,0.0,1.0,102.80151232511658,103.14871419053964,101.93846768820787,102.77175216522318,6362493.0
2017-11-17,103.22,103.99,102.971,103.44,7500834.0,0.0,1.0,102.39479013990673,103.15863424383744,102.14778081279147,102.61303131245836,7500834.0
2017-11-20,103.42,103.42,102.7,102.75,5112070.0,0.0,1.0,102.59319120586275,102.59319120586275,101.87894736842105,101.92854763491006,5112070.0
2017-11-21,102.97,103.17,102.79,103.0,5725938.0,0.0,1.0,102.14678880746169,102.34518987341772,101.96822784810126,102.17654896735509,5725938.0
2017-11-22,103.22,103.32,102.69,102.74,4140480.0,0.0,1.0,102.39479013990673,102.49399067288473,101.86902731512325,101.91862758161226,4140480.0
2017-11-24,102.91,102.92,102.45,102.64,2217591.0,0.0,1.0,102.08726848767488,102.09718854097268,101.63094603597602,101.81942704863424,2217591.0
2017-11-27,102.63,102.97,102.38,102.79,4007433.0,0.0,1.0,101.80950699533643,102.14678880746169,101.5615056628914,101.96822784810126,4007433.0
2017-11-28,102.56,103.875,102.17,103.41,8401145.0,0.0,1.0,101.74006662225183,103.04455363091272,101.35318454363757,102.58327115256495,8401145.0
2017-11-29,103.5,106.26,103.43,105.24,14500647.0,0.0,1.0,102.67255163224517,105.41048634243838,102.60311125916057,104.39864090606262,14500647.0
2017-11-30,105.36,105.71,104.465,104.82,9948944.0,0.0,1.0,104.51768154563624,104.86488341105928,103.62983677548301,103.98199866755496,9948944.0
2017-12-01,104.58,105.85,103.87,105.25,9258268.0,0.0,1.0,103.74391738840772,105.0037641572285,103.03959360426383,104.40856095936043,9258268.0
2017-12-04,106.5,112.67,106.5,110.22,17822480.0,0.0,1.0,105.64856762158561,111.76924050632911,105.64856762158561,109.33882744836775,17822480.0
2017-12-05,109.53,110.04,106.52,107.22,13054151.0,0.0,1.0,108.65434377081945,109.16026648900733,105.66840772818121,106.36281145902731,13054151.0
2017-12-06,107.17,107.99,105.36,105.46,8117723.0,0.0,1.0,106.3132111925383,107.12665556295802,104.51768154563624,104.61688207861425,8117723.0
2017-12-07,105.74,106.0,104.49,105.26,9945638.0,0.0,1.0,104.8946435709527,105.15256495669553,103.65463690872751,104.41848101265823,9945638.0
2017-12-08,104.91,104.98,104.0775,104.23,6535950.0,0.84,1.0,104.91,104.98,104.0775,104.23,6535950.0
2017-12-11,104.87,106.84,104.77,106.83,7433971.0,0.0,1.0,104.87,106.84,104.77,106.83,7433971.0
2017-12-12,107.6,107.83,106.585,107.43,8132464.0,0.0,1.0,107.6,107.83,106.585,107.43,8132464.0
2017-12-13,108.15,108.19,106.75,107.61,10363604.0,0.0,1.0,108.15,108.19,106.75,107.61,10363604.0
2017-12-14,107.75,111.54,107.2,110.57,27569243.0,0.0,1.0,107.75,111.54,107.2,110.57,27569243.0
2017-12-15,111.805,112.0,110.6,111.27,19975645.0,0.0,1.0,111.805,112.0,110.6,111.27,19975645.0
2017-12-18,111.85,111.99,110.305,111.03,12269462.0,0.0,1.0,111.85,111.99,110.305,111.03,12269462.0
2017-12-19,111.05,112.39,110.77,111.81,10546010.0,0.0,1.0,111.05,112.39,110.77,111.81,10546010.0
2017-12-20,111.625,112.3,109.69,109.69,8661018.0,0.0,1.0,111.625,112.3,109.69,109.69,8661018.0
2017-12-21,109.52,111.09,109.1892,109.57,9366706.0,0.0,1.0,109.52,111.09,109.1892,109.57,9366706.0
2017-12-22,109.4,109.685,108.45,108.67,7377990.0,0.0,1.0,109.4,109.685,108.45,108.67,7377990.0
2017-12-26,108.49,109.37,107.89,108.12,3982398.0,0.0,1.0,108.49,109.37,107.89,108.12,3982398.0
2017-12-27,108.42,108.55,107.455,107.64,5624037.0,0.0,1.0,108.42,108.55,107.455,107.64,5624037.0
2017-12-28,108.0,108.05,107.06,107.77,3477599.0,0.0,1.0,108.0,108.05,107.06,107.77,3477599.0
2017-12-29,108.05,108.34,107.51,107.51,4538403.0,0.0,1.0,108.05,108.34,107.51,107.51,4538403.0
2018-01-02,108.95,111.81,108.56,111.8,11014303.0,0.0,1.0,108.95,111.81,108.56,111.8,11014303.0
2018-01-03,112.19,113.19,111.45,112.28,9237926.0,0.0,1.0,112.19,113.19,111.45,112.28,9237926.0
2018-01-04,112.95,113.0,111.63,112.23,7416402.0,0.0,1.0,112.95,113.0,111.63,112.23,7416402.0
2018-01-05,112.68,112.68,111.24,111.62,6008194.0,0.0,1.0,112.68,112.68,111.24,111.62,6008194.0
2018-01-08,110.89,111.28,109.54,110.02,8052352.0,0.0,1.0,110.89,111.28,109.54,110.02,8052352.0
2018-01-09,110.13,110.86,109.86,109.94,5838021.0,0.0,1.0,110.13,110.86,109.86,109.94,5838021.0
2018-01-10,109.96,110.5,109.01,109.47,6056099.0,0.0,1.0,109.96,110.5,109.01,109.47,6056099.0
2018-01-11,110.25,111.08,109.51,110.99,6426799.0,0.0,1.0,110.25,111.08,109.51,110.99,6426799.0
2018-01-12,111.32,112.72,111.0,112.47,5899861.0,0.0,1.0,111.32,112.72,111.0,112.47,5899861.0
2018-01-16,113.07,113.16,110.62,110.69,8069201.0,0.0,1.0,113.07,113.16,110.62,110.69,8069201.0
2018-01-17,111.2,112.21,110.565,111.97,7030685.0,0.0,1.0,111.2,112.21,110.565,111.97,7030685.0
2018-01-18,111.74,111.99,110.2,110.42,8070618.0,0.0,1.0,111.74,111.99,110.2,110.42,8070618.0
2018-01-19,110.97,111.09,109.84,110.59,10512987.0,0.0,1.0,110.97,111.09,109.84,110.59,10512987.0
2018-01-22,110.27,111.555,110.06,111.1,8073624.0,0.0,1.0,110.27,111.555,110.06,111.1,8073624.0
2018-01-23,110.27,111.14,109.89,110.41,7477282.0,0.0,1.0,110.27,111.14,109.89,110.41,7477282.0
2018-01-24,110.96,111.43,110.29,110.5,7211784.0,0.0,1.0,110.96,111.43,110.29,110.5,7211784.0
2018-01-25,110.6,111.82,110.12,110.55,6291011.0,0.0,1.0,110.6,111.82,110.12,110.55,6291011.0
2018-01-26,110.81,112.5324,110.67,112.19,7743825.0,0.0,1.0,110.81,112.5324,110.67,112.19,7743825.0
2018-01-29,112.1,112.45,111.24,111.54,6847766.0,0.0,1.0,112.1,112.45,111.24,111.54,6847766.0
2018-01-30,111.42,112.42,110.1,110.11,8393878.0,0.0,1.0,111.42,112.42,110.1,110.11,8393878.0
2018-01-31,110.08,110.12,108.47,108.67,9841413.0,0.0,1.0,110.08,110.12,108.47,108.67,9841413.0
2018-02-01,108.62,110.65,107.36,110.49,9518857.0,0.0,1.0,108.62,110.65,107.36,110.49,9518857.0
2018-02-02,109.95,110.58,108.45,108.7,9947456.0,0.0,1.0,109.95,110.58,108.45,108.7,9947456.0
2018-02-05,107.1,108.63,104.01,104.7,15107942.0,0.0,1.0,107.1,108.63,104.01,104.7,15107942.0
2018-02-06,102.88,106.2,101.76,106.17,17765068.0,0.0,1.0,102.88,106.2,101.76,106.17,17765068.0
2018-02-07,107.83,108.03,104.41,104.76,12444982.0,0.0,1.0,107.83,108.03,104.41,104.76,12444982.0
2018-02-08,105.47,105.8249,101.19,101.35,12667500.0,0.0,1.0,105.47,105.8249,101.19,101.35,12667500.0
2018-02-09,102.55,103.75,100.26,103.09,12479545.0,0.0,1.0,102.55,103.75,100.26,103.09,12479545.0
2018-02-12,103.93,104.64,102.1,103.39,9584727.0,0.0,1.0,103.93,104.64,102.1,103.39,9584727.0
2018-02-13,102.64,104.31,102.4,104.12,8446745.0,0.0,1.0,102.64,104.31,102.4,104.12,8446745.0
2018-02-14,103.49,104.76,102.6901,104.6,7425685.0,0.0,1.0,103.49,104.76,102.6901,104.6,7425685.0
2018-02-15,105.36,105.57,103.93,105.18,6494683.0,0.0,1.0,105.36,105.57,103.93,105.18,6494683.0
2018-02-16,105.19,107.345,105.19,106.53,8746390.0,0.0,1.0,105.19,107.345,105.19,106.53,8746390.0
2018-02-20,106.37,107.565,105.52,105.98,6734505.0,0.0,1.0,106.37,107.565,105.52,105.98,6734505.0
2018-02-21,106.0,106.91,105.02,105.05,6743262.0,0.0,1.0,106.0,106.91,105.02,105.05,6743262.0
2018-02-22,105.31,106.01,104.93,105.24,4462165.0,0.0,1.0,105.31,106.01,104.93,105.24,4462165.0
2018-02-23,105.75,107.36,105.43,107.25,6100253.0,0.0,1.0,105.75,107.36,105.43,107.25,6100253.0
2018-02-26,108.0,109.81,107.67,109.81,8137966.0,0.0,1.0,108.0,109.81,107.67,109.81,8137966.0
2018-02-27,108.0,108.16,104.85,104.87,14174235.0,0.0,1.0,108.0,108.16,104.85,104.87,14174235.0
2018-02-28,105.45,105.572,103.14,103.16,10760757.0,0.0,1.0,105.45,105.572,103.14,103.16,10760757.0
2018-03-01,103.2,104.03,101.33,102.57,10487306.0,0.0,1.0,103.2,104.03,101.33,102.57,10487306.0
2018-03-02,102.0,103.17,101.44,102.99,7835408.0,0.0,1.0,102.0,103.17,101.44,102.99,7835408.0
2018-03-05,102.71,103.97,102.42,103.41,5736713.0,0.0,1.0,102.71,103.97,102.42,103.41,5736713.0
2018-03-06,104.0,104.95,103.51,104.94,6214133.0,0.0,1.0,104.0,104.95,103.51,104.94,6214133.0
2018-03-07,103.72,104.24,102.77,103.59,6214836.0,0.0,1.0,103.72,104.24,102.77,103.59,6214836.0
2018-03-08,103.99,104.585,103.47,104.03,6626981.0,0.0,1.0,103.99,104.585,103.47,104.03,6626981.0
2018-03-09,104.43,104.75,103.6425,104.73,5618412.0,0.0,1.0,104.43,104.75,103.6425,104.73,5618412.0
2018-03-12,104.715,105.94,104.715,105.17,6484769.0,0.0,1.0,104.715,105.94,104.715,105.17,6484769.0
2018-03-13,105.83,105.83,103.42,103.73,6716539.0,0.0,1.0,105.83,105.83,103.42,103.73,6716539.0
2018-03-14,104.53,104.65,103.47,103.9,6235877.0,0.0,1.0,104.53,104.65,103.47,103.9,6235877.0
2018-03-15,104.0,104.285,103.24,103.24,5174578.0,0.0,1.0,104.0,104.285,103.24,103.24,5174578.0
2018-03-16,103.56,104.27,102.84,102.87,10467983.0,0.0,1.0,103.56,104.27,102.84,102.87,10467983.0
2018-03-19,102.8,102.95,101.0,101.48,6528320.0,0.0,1.0,102.8,102.95,101.0,101.48,6528320.0
2018-03-20,101.54,102.15,100.75,101.35,8330335.0,0.0,1.0,101.54,102.15,100.75,101.35,8330335.0
2018-03-21,101.5,102.94,101.42,101.82,6136431.0,0.0,1.0,101.5,102.94,101.42,101.82,6136431.0
2018-03-22,101.29,101.64,100.41,100.6,8911556.0,0.0,1.0,101.29,101.64,100.41,100.6,8911556.0
2018-03-23,100.85,101.11,98.45,98.54,7505075.0,0.0,1.0,100.85,101.11,98.45,98.54,7505075.0
2018-03-26,99.86,100.78,99.0782,100.65,7340071.0,0.0,1.0,99.86,100.78,99.0782,100.65,7340071.0
2018-03-27,100.88,101.18,98.89,99.36,7193524.0,0.0,1.0,100.88,101.18,98.89,99.36,7193524.0
2018-03-28,99.5,100.08,98.15,98.54,9099663.0,0.0,1.0,99.5,100.08,98.15,98.54,9099663.0
2018-03-29,99.01,101.28,98.86,100.44,9343626.0,0.0,1.0,99.01,101.28,98.86,100.44,9343626.0
2018-04-02,100.18,100.99,97.78,98.66,8203693.0,0.0,1.0,100.18,100.99,97.78,98.66,8203693.0
2018-04-03,98.8,99.49,97.7,99.42,8481249.0,0.0,1.0,98.8,99.49,97.7,99.42,8481249.0
2018-04-04,98.43,101.15,97.76,100.95,8759021.0,0.0,1.0,98.43,101.15,97.76,100.95,8759021.0
2018-04-05,101.36,102.38,100.98,102.11,6610132.0,0.0,1.0,101.36,102.38,100.98,102.11,6610132.0
2018-04-06,101.63,102.19,99.45,100.35,7161279.0,0.0,1.0,101.63,102.19,99.45,100.35,7161279.0
2018-04-09,100.7,101.51,99.58,99.7,7094275.0,0.0,1.0,100.7,101.51,99.58,99.7,7094275.0
2018-04-10,100.92,101.525,100.32,101.37,8147660.0,0.0,1.0,100.92,101.525,100.32,101.37,8147660.0
2018-04-11,100.78,101.65,100.41,100.8,6304786.0,0.0,1.0,100.78,101.65,100.41,100.8,6304786.0
2018-04-12,101.42,101.51,99.68,100.39,7331660.0,0.0,1.0,101.42,101.51,99.68,100.39,7331660.0
2018-04-13,101.0,101.52,100.16,100.35,6324346.0,0.0,1.0,101.0,101.52,100.16,100.35,6324346.0
2018-04-16,100.69,101.0,99.73,100.24,10327042.0,0.0,1.0,100.69,101.0,99.73,100.24,10327042.0
2018-04-17,101.2,102.59,100.75,102.17,9577287.0,0.0,1.0,101.2,102.59,100.75,102.17,9577287.0
2018-04-18,102.67,102.71,101.2,101.21,5820999.0,0.0,1.0,102.67,102.71,101.2,101.21,5820999.0
2018-04-19,101.0,101.5799,100.22,100.89,6803259.0,0.0,1.0,101.0,101.5799,100.22,100.89,6803259.0
2018-04-20,101.18,101.4,99.905,100.24,6396903.0,0.0,1.0,101.18,101.4,99.905,100.24,6396903.0
2018-04-23,100.55,100.72,99.53,100.15,5889579.0,0.0,1.0,100.55,100.72,99.53,100.15,5889579.0
2018-04-24,100.58,100.85,98.86,99.46,6567365.0,0.0,1.0,100.58,100.85,98.86,99.46,6567365.0
2018-04-25,99.5,101.49,99.05,101.15,8977218.0,0.0,1.0,99.5,101.49,99.05,101.15,8977218.0
2018-04-26,101.23,101.38,99.74,99.84,8034819.0,0.0,1.0,101.23,101.38,99.74,99.84,8034819.0
2018-04-27,99.78,99.99,98.94,99.23,8036706.0,0.0,1.0,99.78,99.99,98.94,99.23,8036706.0
2018-04-30,100.41,101.3736,100.12,100.33,8557844.0,0.0,1.0,100.41,101.3736,100.12,100.33,8557844.0
2018-05-01,100.18,100.7,98.93,100.06,6715237.0,0.0,1.0,100.18,100.7,98.93,100.06,6715237.0
2018-05-02,100.17,100.7213,99.25,99.62,9285764.0,0.0,1.0,100.17,100.7213,99.25,99.62,9285764.0
2018-05-03,99.11,99.25,97.68,98.76,10448936.0,0.0,1.0,99.11,99.25,97.68,98.76,10448936.0
2018-05-04,98.71,101.35,98.58,101.15,9978020.0,0.0,1.0,98.71,101.35,98.58,101.15,9978020.0
2018-05-07,102.35,102.68,101.72,102.48,10181123.0,0.0,1.0,102.35,102.68,101.72,102.48,10181123.0
2018-05-08,101.2,102.64,100.84,101.79,14181003.0,0.0,1.0,101.2,102.64,100.84,101.79,14181003.0
2018-05-09,102.25,102.27,99.3,99.97,18341826.0,0.0,1.0,102.25,102.27,99.3,99.97,18341826.0
2018-05-10,100.43,102.0683,100.3,101.68,8924851.0,0.0,1.0,100.43,102.0683,100.3,101.68,8924851.0
2018-05-11,101.89,102.21,101.26,102.07,7034371.0,0.0,1.0,101.89,102.21,101.26,102.07,7034371.0
2018-05-14,102.44,103.49,101.98,102.44,9891707.0,0.0,1.0,102.44,103.49,101.98,102.44,9891707.0
2018-05-15,102.44,103.315,102.101,102.92,5755443.0,0.0,1.0,102.44,103.315,102.101,102.92,5755443.0
2018-05-16,103.25,105.04,103.15,105.04,8108443.0,0.0,1.0,103.25,105.04,103.15,105.04,8108443.0
2018-05-17,105.23,105.48,104.091,104.34,7319826.0,0.0,1.0,105.23,105.48,104.091,104.34,7319826.0
2018-05-18,104.34,104.79,103.56,103.93,5426353.0,0.0,1.0,104.34,104.79,103.56,103.93,5426353.0
2018-05-21,104.22,104.6799,103.61,104.06,5848704.0,0.0,1.0,104.22,104.6799,103.61,104.06,5848704.0
2018-05-22,104.4,105.49,103.99,104.07,6971590.0,0.0,1.0,104.4,105.49,103.99,104.07,6971590.0
2018-05-23,103.2,103.34,102.07,102.89,8046577.0,0.0,1.0,103.2,103.34,102.07,102.89,8046577.0
2018-05-24,102.81,102.86,101.21,102.11,7473508.0,0.0,1.0,102.81,102.86,101.21,102.11,7473508.0
2018-05-25,102.25,103.0,101.97,102.2,6982578.0,0.0,1.0,102.25,103.0,101.97,102.2,6982578.0
2018-05-29,100.55,101.65,99.38,99.69,11270381.0,0.0,1.0,100.55,101.65,99.38,99.69,11270381.0
2018-05-30,100.5,100.55,99.42,99.98,7216355.0,0.0,1.0,100.5,100.55,99.42,99.98,7216355.0
2018-05-31,99.76,100.1368,98.809,99.47,9618670.0,0.0,1.0,99.76,100.1368,98.809,99.47,9618670.0
2018-06-01,99.69,100.05,99.2,99.36,6847601.0,0.0,1.0,99.69,100.05,99.2,99.36,6847601.0
2018-06-04,99.76,100.5,99.7,100.24,6597501.0,0.0,1.0,99.76,100.5,99.7,100.24,6597501.0
2018-06-05,100.36,100.51,99.78,99.94,5972592.0,0.0,1.0,100.36,100.51,99.78,99.94,5972592.0
2018-06-06,100.06,101.94,99.76,101.91,7830803.0,0.0,1.0,100.06,101.94,99.76,101.91,7830803.0
